,BBNI.JK,UNVR.JK,INCO.JK,ADRO.JK,PGAS.JK
Closing 2022-05-17,845000.0,480000.0,727500.0,322000.0,156000.0
Total Spread,5592200.000000001,871200.0,2600199.9999999995,8027000.0,2909399.9999999995
Total Lot,7.0,2.0,4.0,25.0,19.0
Total Spending,5915000.0,960000.0,2910000.0,8050000.0,2964000.0
